1,1,"/issues/:groupId/events/:eventId/feedback/",5
1,1,"/api/0/organizations/{organization_slug}/sessions/",61
1,1,"/extensions/bitbucket-server/organizations/{organization_id}/webhook/{integration_id}/",2
1,1,"sentry.tasks.integrations.kick_off_status_syncs",212
1,1,"/api/0/teams/{organization_slug}/{team_slug}/members/",11
1,1,"/api/0/organizations/{organization_slug}/members/{member_id}/",100
1,1,"/issues/:groupId/merged/",75
1,1,"/organizations/:orgId/profiling/",15
1,1,"sentry.tasks.activity.send_activity_notifications",776
1,1,"/api/0/customers/",1
1,1,"/",2737
1,1,"/_admin/customers/",2
1,1,"/api/0/projects/{organization_slug}/{project_slug}/alert-rules/{alert_rule_id}/",33
1,1,"/api/0/organizations/{organization_slug}/users/",128
1,1,"/api/0/organizations/{organization_slug}/teams/",60
1,1,"/plugins/jira-ac/plugin",277
1,1,"/settings/projects/:projectId/plugins/",5
1,1,"/api/0/organizations/{organization_slug}/scim/v2/Users/{member_id}",40
1,1,"/organizations/:orgId/issues/:groupId/events/:eventId/",288
1,1,"sentry.incidents.tasks.send_subscriber_notifications",66
1,1,"sentry.tasks.store.symbolicate_event",3777
1,1,"/account/notifications/unsubscribe/issue/{issue_id}/",2
1,1,"sentry.tasks.files.delete_file",7194
1,1,"/settings/integrations/:providerKey/:integrationId/",83
1,1,"/organizations/:orgId/alerts/rules/",10
1,1,"/api/0/issues|groups/{issue_id}/events/",1395
1,1,"/issues/:groupId/tags/",171
1,1,"/api/0/projects/{organization_slug}/{project_slug}/events/{event_id}/attachments/",416
1,1,"/organizations/:orgId/crons/",4
1,1,"/api/0/issues|groups/{issue_id}/external-issues/",1894
1,1,"/organizations/{organization_slug}/payments/{payment_id}/pdf/{token}",2
1,1,"/api/0/organizations/{organization_slug}/members/",23
1,1,"getsentry.tasks.send_lead_to_marketo",30
1,1,"/api/0/projects/{organization_slug}/{project_slug}/",470
1,1,"/discover/queries/",45
1,1,"/issues/:groupId/tags/:tagKey/",339
1,1,"/api/0/teams/{organization_slug}/{team_slug}/projects/",45
1,1,"/organizations/:orgId/alerts/rules/details/:ruleId/",1
1,1,"/settings/:orgId/projects/:projectId/",13
1,1,"/{organization_slug}/",56560
1,1,"/issues/:groupId/events/:eventId/tags/",34
1,1,"/api/0/organizations/{organization_slug}/auth-provider/",1
1,1,"/replays/:replaySlug/",540
1,1,"/issues/:groupId/events/:eventId/replays/",12
1,1,"/issues/:groupId/events/",5577
1,1,"//index.php",1
1,1,"/api/0/projects/{organization_slug}/{project_slug}/reprocessing/",94
1,1,"/plugins/bitbucket/organizations/{organization_id}/webhook/",3
1,1,"/discover/",9
1,1,"/api/0/users/{user_id}/",1
1,1,"sentry.tasks.assemble.assemble_artifacts",803
1,1,"/api/0/teams/{organization_slug}/{team_slug}/",38
1,1,"externalIssueForm.submit",63
1,1,"/settings/projects/:projectId/tags/",14
1,1,"/api/0/projects/{organization_slug}/{project_slug}/keys/{key_id}/",24
1,1,"scim.provision_member",14
1,1,"/settings/:orgId/projects/:projectId/environments/hidden/",1
1,1,"/settings/projects/:projectId/data-forwarding/",26
1,1,"/settings/projects/:projectId/release-tracking/",39
1,1,"/api/0/organizations/{organization_slug}/releases/",1916
1,1,"integration.http_response.msteams",139
1,1,"/_admin/",1
1,1,"/api/0/issues|groups/{issue_id}/tags/{key}/",9
1,1,"SlackUnlinkIdentityView",2
1,1,"/dashboard/:dashboardId/widget/:widgetId/",32
1,1,"sentry.tasks.derive_code_mappings.derive_code_mappings",81
1,1,"/api/0/projects/{organization_slug}/{project_slug}/profiling/functions/",2
1,1,"/settings/members/",812
1,1,"/api/0/organizations/{organization_slug}/processingissues/",13
1,1,"/api/0/organizations/{organization_slug}/searches/",26
1,1,"/api/webservices",1
1,1,"/alerts/rules/:projectId/:ruleId/",429
1,1,"sentry.tasks.send_sso_link_emails",1
1,1,"/settings/auth/",103
1,1,"/settings/repos/",39
1,1,"/api/0/projects/{organization_slug}/{project_slug}/environments/",155
1,1,"/api/0/organizations/{organization_slug}/sentry-apps/",13
1,1,"sentry.integrations.slack.link_users_identities",1
1,1,"/settings/projects/:projectId/performance/",17
1,1,"/api/0/prompts-activity/",144
1,1,"/organizations/:orgId/releases/",8
1,1,"/auth/login/",3947
1,1,"/settings/account/security/mfa/:authId/",8
1,1,"/api/0/projects/{organization_slug}/{project_slug}/codeowners/",4
1,1,"/settings/projects/:projectId/security-headers/",4
1,1,"/api/0/organizations/{organization_slug}/tags/{key}/values/",18
1,1,"/settings/projects/:projectId/install/:platform/",21
1,1,"/projects/new/",108
1,1,"/issues/:groupId/events/:eventId/activity/",23
1,1,"integration.http_response.gitlab",662
1,1,"/adadaddadad",1
1,1,"/extensions/jira/search/{organization_slug}/{integration_id}/",4
1,1,"/performance/summary/spans/:spanSlug/",127
1,1,"/profiling/summary/:projectId/",108
1,1,"/projects/:projectId/getting-started/",9
1,1,"/extensions/jira-server/issue-updated/{token}/",1236
1,1,"/dashboard/:dashboardId/widget/new/",8
1,1,"/api/0/organizations/{organization_slug}/issues|groups/{issue_id}/",25
1,1,"/settings/sentry-apps/:integrationSlug",8
1,1,"/api/0/projects/{organization_slug}/{project_slug}/releases/{version}/files/{file_id}/",210
1,1,"/api/0/projects/{organization_slug}/{project_slug}/rules/",5
1,1,"sentry.tasks.low_priority_symbolication.scan_for_suspect_projects",10
1,1,"/settings/projects/:projectId/keys/:keyId/",24
1,1,"/api/0/projects/{organization_slug}/{project_slug}/releases/{version}/files/",869
1,1,"/replays/",639
1,1,"/organizations/journal/issues",78
1,1,"/favicon.ico",12
1,1,"/settings/audit-log/",11
1,1,"/api/0/broadcasts/",2
1,1,"/api/0/projects/{organization_slug}/{project_slug}/events/{event_id}/owners/",92
1,1,"query_subscription_consumer_process_message",21805
1,1,"sentry.tasks.process_resource_change_bound",488
1,1,"/issues/:groupId/events/:eventId/grouping/",2
1,1,"/organizations/new/",19
1,1,"/api/0/relays/live/",2
1,1,"/api/0/organizations/{organization_slug}/onboarding-tasks/",1
1,1,"/organizations/:orgId/replays/:replaySlug/",24
1,1,"/api/0/organizations/{organization_slug}/repos/",119
1,1,"/_admin/customers/:orgId/projects/:projectId/",7
1,1,"/settings/:orgId/legal/",1
1,1,"sentry.tasks.relay.build_project_config",11525
1,1,"/api/0/relays/projectconfigs/",7345
1,1,"/performance/summary/",3990
1,1,"/.*/",597
1,1,"/api/0/organizations/{organization_slug}/issues/",1158
1,1,"/api/0/sentry-apps/",1
1,1,"/api/0/projects/{organization_slug}/{project_slug}/users/",6
1,1,"/settings/projects/:projectId/install/",20
1,1,"/api/0/customers/{organization_slug}/policies/",14
1,1,"/api/hooks/release/{plugin_id}/{project_id}/{signature}/",4
1,1,"/api/0/organizations/{organization_slug}/releases/{version}/deploys/",159
1,1,"plugin.http_response.victorops",1
1,1,"/api/0/issues|groups/{issue_id}/tags/",323
1,1,"/api/0/subscriptions/{organization_slug}/",9
1,1,"/settings/spike-protection/",3
1,1,"sentry.tasks.relay.invalidate_project_config",317
1,1,"RelayProjectConfigsEndpoint",18317
1,1,"/organizations/:orgId/dashboard/:dashboardId/",1
1,1,"sentry.tasks.user_report",1
1,1,"plugin.http_response.splunk",5331
1,1,"sentry.tasks.store.save_event",48668
1,1,"/auth/login/{organization_slug}/",7523
1,1,"/settings/{organization_slug}/",1
1,1,"/api/0/doc-integrations/",2
1,1,"/api/0/organizations/{organization_slug}/metrics-compatibility-sums/",1
1,1,"/api/{project_id}/crossdomain.xml",820
1,1,"/login",1
1,1,"/settings/:orgId/integrations/",20
1,1,"/projects/",3393
1,1,"/api/0/organizations/{organization_slug}/issues-stats/",155
1,1,"/settings/:orgId/projects/:projectId/install/",9
1,1,"/issues/:groupId/events/:eventId/",23287
1,1,"/api/0/issues|groups/{issue_id}/integrations/",138
1,1,"integration.http_response.slack",3942
1,1,"/age.xml",2
1,1,"/onboarding/:step/",167
1,1,"sentry.tasks.clear_expired_resolutions",4093
1,1,"/api/0/",529
1,1,"sentry.profiles.task.process_profile",10401
1,1,"SlackLinkTeamView",2
1,1,"/organizations/{organization_slug}/performance/",12
1,1,"/api/webservice",1
1,1,"sentry.tasks.files.delete_unreferenced_blobs",12469
1,1,"/discover/:eventSlug/",1810
1,1,"/robots.txt",18
1,1,"integration.http_response.bitbucket_server",9
1,1,"/actuator/heapdump",1
1,1,"/alerts/",12
1,1,"/settings/projects/:projectId/user-feedback/",11
1,1,"/releases/:release/files-changed/",7
1,1,"/api/0/projects/{organization_slug}/{project_slug}/events/",440
1,1,"sentry.tasks.integrations.sync_status_outbound",9
1,1,"/app.zip",1
1,1,"/api/0/issues|groups/{issue_id}/tags/{key}/values/",191
1,1,"/api/0/organizations/{organization_slug}/promotions/trigger-check/",68
1,1,"/api/0/organizations/{organization_slug}/recent-searches/",100
1,1,"/settings/billing/",1
1,1,"integration.http_response.vercel",1
1,1,"sentry.tasks.send_ping",25
1,1,"/crons/create/",19
1,1,"/settings/projects/:projectId/processing-issues/",39
1,1,"/organizations/:orgId/user-feedback/",1
1,1,"integration.jira_server",4
1,1,"/api/0/assistant/",21
1,1,"replays.consumer.process_recording",2106
1,1,"integration.aws_lambda",1
1,1,"/api/0/organizations/{organization_slug}/events-trends-stats/",1
1,1,"/api/0/organizations/{organization_slug}/releases/{version}/resolved/",7
1,1,"/api/0/organizations/{organization_slug}/releases/stats/",7
1,1,"/performance/summary/events/",618
1,1,"/api/0/organizations/{organization_slug}/events-facets/",1
1,1,"integration.http_response.jira_server",1
1,1,"/:orgId/:projectId/getting-started/:platform/",2
1,1,"sentry.tasks.post_process.post_process_group",47497
1,1,"/api/0/organizations/{organization_slug}/events-histogram/",1
1,1,"/api/0/organizations/{organization_slug}/scim/v2/Groups",38
1,1,"/settings/projects/:projectId/source-maps/release-bundles/",1
1,1,"MsTeamsWebhookEndpoint",29
1,1,"/.well-known/dnt-policy.txt",115
1,1,"/api/0/organizations/{organization_slug}/broadcasts/",346
1,1,"sentry.tasks.low_priority_symbolication.update_lpq_eligibility",25856
1,1,"/extensions/jira_server/setup",21
1,1,"/discover/homepage/",2495
1,1,"/api/0/organizations/{organization_slug}/sentry-app-components/",106
1,1,"/stats/health/",2
1,1,"/settings/projects/:projectId/ownership/",59
1,1,"/api/0/relays/publickeys/",31
1,1,"/age-de.xml",2
1,1,"/settings/:orgId/teams/",26
1,1,"/api/0/organizations/{organization_slug}/issues-count/",169
1,1,"/issues/:groupId/",176213
1,1,"/organizations/:orgId/issues/:groupId/events/",13
1,1,"SlackEventEndpoint",6687
1,1,"/performance/summary/tags/",81
1,1,"/settings/account/identities/",1
1,1,"/stats/issues/",61
1,1,"/settings/account/details/",88
1,1,"/settings/account/api/applications/:appId/",2
1,1,"/share/group|issue/{share_id}/",5
1,1,"/settings/projects/:projectId/issue-grouping/",31
1,1,"/api/0/organizations/{organization_slug}/events-trace/{trace_id}/",25
1,1,"/api/0/organizations/{organization_slug}/events-meta/",82
1,1,"integration.gitlab",8
1,1,"integration.http_response.bitbucket",329
1,1,"/settings/:orgId/repos/",2
1,1,"getsentry.tasks.slack.new_organization_notify",29
1,1,"ProjectRuleActionsEndpoint",32
1,1,"/api/0/organizations/{organization_slug}/replays-events-meta/",4
1,1,"/extensions/jira_server/setup/rest/applinks/latest/manifest",9
1,1,"sentry.integrations.slack.post_message",140
1,1,"/organizations/:orgId/issues/:groupId/tags/:tagKey/",13
1,1,"/crons/",168
1,1,"/performance/summary/spans/",231
1,1,"/api/0/organizations/{organization_slug}/events-stats/",34
1,1,"/settings/{organization_slug}/members/",1
1,1,"/api/0/projects/{organization_slug}/{project_slug}/files/dsyms/",16585
1,1,"/dashboard/:dashboardId/widget/:widgetIndex/edit/",78
1,1,"/api/0/customers/{organization_slug}/subscription/",1
1,1,"/api/0/organizations/{organization_slug}/chunk-upload/",2088
1,1,"/issues/:groupId/events/:eventId/events/",764
1,1,"/api/0/projects/{organization_slug}/{project_slug}/files/difs/assemble/",909
1,1,"/settings/organization/",714
1,1,"/projects/:projectId/getting-started/:platform/",18
1,1,"/discover/results/",3300
1,1,"/api/0/organizations/{organization_slug}/metrics-compatibility/",1
1,1,"/performance/summary/vitals/",176
1,1,"plugin.http_response.opsgenie",68
1,1,"sentry.tasks.check_auth_identity",7228
1,1,"/share/issue/:shareId/",126
1,1,"/settings/projects/:projectId/debug-symbols/",10
1,1,"/issues/:groupId/events/:eventId/merged/",7
1,1,"/docs/api/user/",43
1,1,"/remote/beacon/",113
1,1,"/issues/:groupId/similar/",111
1,1,"/_admin/promocodes/:codeId/",2
1,1,"/settings/developer-settings/:appSlug/",16
1,1,"/settings/subscription/redeem-code/",15
1,1,"/settings/teams/",262
1,1,"/dashboards/new/",1
1,1,"/api/0/organizations/{organization_slug}/alert-rules/{alert_rule_id}/",3
1,1,"/settings/:orgId/members/",48
1,1,"/alerts/:projectId/wizard/",4
1,1,"/api/0/projects/{organization_slug}/{project_slug}/events/{event_id}/attachments/{attachment_id}/",1188
1,1,"/extensions/jira_server/setup/plugins/servlet/streams",39
1,1,"/extensions/github-enterprise/webhook/",34
1,1,"/projects/:projectId/",19829
1,1,"/data-export/:dataExportId",3
1,1,"getsentry.tasks.sentinel_monitor_dsn_auth",3
1,1,"/organizations/:orgId/projects/new/",1
1,1,"sentry.tasks.app_store_connect.dsym_download",8
1,1,"/issues/:groupId/events/:eventId/attachments/",24
1,1,"/api/0/organizations/{organization_slug}/scim/v2/Users",59
1,1,"/doc-integration-avatar/{avatar_id}/",32
1,1,"/settings/account/subscriptions/",4
1,1,"/api/0/organizations/{organization_slug}/releases/{version}/assemble/",879
1,1,"/settings/projects/:projectId/source-maps/debug-id-bundles/",1
1,1,"/js-sdk-loader/{public_key}{minified}.js",6080
1,1,"/api/0/organizations/{organization_slug}/stats/",522
1,1,"/:orgId/:projectId/dashboard/",24
1,1,"/settings/relay/",7
1,1,"/issues/:groupId/grouping/",6
1,1,"/settings/projects/:projectId/environments/",35
1,1,"/settings/account/emails/",479
1,1,"/api/[0]+/",928
1,1,"/extensions/jira_server/setup/rest/applinks/latest/capabilities/STATUS_API",6
1,1,"/api/0/organizations/{organization_slug}/events-geo/",3
1,1,"/api/0/projects/{organization_slug}/{project_slug}/ownership/",10
1,1,"/performance/",6546
1,1,"/issues/:groupId/attachments/",69
1,1,"sentry.tasks.sentry_apps.send_alert_event",6
1,1,"/performance/summary/replays/",10
1,1,"tasks.spike_protection.run_spike_projection",2
1,1,"/settings/billing/usage/",10
1,1,"/api/0/projects/{organization_slug}/{project_slug}/keys/{key_id}/stats/",738
1,1,"/organizations/{organization_slug}/integrations/{provider_id}/setup/",1
1,1,"sentry.tasks.process_suspect_commits",169
1,1,"/api/0/projects/{organization_slug}/{project_slug}/events/{event_id}/",128
1,1,"/settings/account/",6
1,1,"/settings/members/:memberId/",55
1,1,"/api/",7
1,1,"/organizations/journal/performance",6
1,1,"/alerts/metric-rules/:projectId/:ruleId/",91
1,1,"/settings/:orgId/projects/:projectId/keys/:keyId/",2
1,1,"/settings/legal/",4
1,1,"/settings/:orgId/projects/",16
1,1,"/aws/credentials",1
1,1,"sentry.tasks.store.symbolicate_event_low_priority",1
1,1,"/releases/:release/",2599
1,1,"/organizations/:orgId/disabled-member/",45
1,1,"/settings/:orgId/projects/:projectId/ownership/",1
1,1,"/api/0/projects/{organization_slug}/{project_slug}/files/source-maps/",6
1,1,"/api/client-config/",3
1,1,"plugin.http_response.webhook",811
1,1,"/settings/teams/:teamId/settings/",5
1,1,"/js-sdk-loader/*/5.min.js",1
1,1,"/sentry-app-avatar/{avatar_id}/",82
1,1,"/settings/projects/:projectId/",595
1,1,"/settings/:orgId/projects/:projectId/alerts/",3
1,1,"/settings/:orgId/security-and-privacy/",2
1,1,"sentry.tasks.commits.fetch_commits",2005
1,1,"ProjectRuleDetailsEndpoint",3877
1,1,"//web/wp-includes/wlwmanifest.xml",1
1,1,"/settings/integrations/",538
1,1,"ProjectRulesEndpoint",302
1,1,"sentry.incidents.tasks.handle_trigger_action",27
1,1,"/settings/projects/:projectId/security-and-privacy/",72
1,1,"/settings/security-and-privacy/",101
1,1,"/extensions/github/search/{organization_slug}/{integration_id}/",1
1,1,"/api/0/projects/{organization_slug}/{project_slug}/issues|groups/",2661
1,1,"/api/0/organizations/{organization_slug}/users/{user_id}/",1
1,1,"/plugins/github/organizations/{organization_id}/webhook/",64
1,1,"/crons/:monitorSlug/edit/",6
1,1,"/organizations/{organization_slug}/{sub_page}/",34
1,1,"/settings/:orgId/projects/:projectId/environments/",4
1,1,"/api/0/organizations/{organization_slug}/shortids/{short_id}/",23
1,1,"/api/0/organizations/{organization_slug}/replay-count/",89
1,1,"/api/0/organizations/{organization_slug}/",95
1,1,"/settings/billing/usage-log/",16
1,1,"/settings/teams/:teamId/members/",59
1,1,"/settings/account/close-account/",4
1,1,"/api/0/organizations/{organization_slug}/pendo-details/",367
1,1,"/extensions/slack/action/",3
1,1,"/profiling/profile/:projectId/:eventId/flamechart/",25
1,1,"/actuator/env",1
1,1,"/api/0/organizations/{organization_slug}/environments/",29
1,1,"/settings/account/api/applications/",5
1,1,"/api/0/organizations/{organization_slug}/events-has-measurements/",1
1,1,"/api/0/users/{user_id}/notification-settings/",1
1,1,"/api/0/projects/{organization_slug}/{project_slug}/rules/{rule_id}/stats/",3
1,1,"/performance/summary/profiles/",7
1,1,"/organizations/{organization_slug}/auth/configure/",3
1,1,"sentry.tasks.store.save_event_attachments",284
1,1,"/alerts/wizard/",18
1,1,"/settings/:orgId/developer-settings/",1
1,1,"/getting-started/:projectId/:platform/",165
1,1,"SlackLinkIdentityView",14
1,1,"/releases/",1469
1,1,"/organizations/:orgId/issues/(searches/:searchId/)",2962
1,1,"/settings/projects/:projectId/alerts/",143
1,1,"/organization-avatar/{avatar_id}/",109
1,1,"/api/0/customers/{organization_slug}/billing-config/",4
1,1,"plugin.http_response.slack",227
1,1,"/api/0/organizations/{organization_slug}/releases/{version}/",2370
1,1,"/accept/:memberId/:token/",146
1,1,"/organizations/:orgId/projects/",286
1,1,"//css/album.css",1
1,1,"/api/0/issues|groups/{issue_id}/",464
1,1,"/alerts/rules/:projectId/:ruleId/details/",768
1,1,"/api/0/projects/{organization_slug}/{project_slug}/rules/preview",7
1,1,"/settings/document-integrations/:integrationSlug",2
1,1,"sentry.tasks.store.process_event",25235
1,1,"/join-request/:orgId/",19
1,1,"sentry.tasks.store.preprocess_event",2123
1,1,"/extensions/vercel/delete/",69
1,1,"/extensions/jira/issue/{issue_key}/",24109
1,1,"/organizations/:orgId/replays/",5
1,1,"sentry.tasks.process_commit_context",144
1,1,"sentry.snuba.tasks.update_subscription_in_snuba",1
1,1,"/settings/projects/:projectId/plugins/:pluginId/",13
1,1,"integration.http_response.pagerduty",55
1,1,"/issues/:groupId/feedback/",118
1,1,"/api/embed/error-page/",136
1,1,"/alerts/new/:alertType/",189
1,1,"/extensions/{provider_id}/setup/",37
1,1,"SlackActionEndpoint",454
1,1,"/api/0/organizations/{organization_slug}/client-state/",31
1,1,"/api/0/organizations/{organization_slug}/monitors/{monitor_id}/checkins/",371
1,1,"/settings/:orgId/relay/",1
1,1,"/extensions/jira-server/setup/plugins/servlet/streams",5
1,1,"/crons/:monitorSlug/",216
1,1,"sentry.sentry_metrics.consumers.indexer.processing.process_messages",396128
1,1,"/stats/",1633
1,1,"/_admin/users/",3
1,1,"/alerts/:alertId/",140
1,1,"/extensions/github/webhook/",3089
1,1,"/api/0/projects/{organization_slug}/{project_slug}/releases/{version}/commits/",1
1,1,"/organizations/{organization_slug}/issues/",153
1,1,"/api/0/issues|groups/{issue_id}/events/latest/",445
1,1,"plugin.http_response.pagerduty",11
1,1,"/api/0/projects/{organization_slug}/{project_slug}/releases/{version}/stats/",5
1,1,"/settings/projects/:projectId/keys/",110
1,1,"/settings/:orgId/integrations/:integrationSlug",15
1,1,"integration.slack",2
1,1,"sentry.tasks.assemble.assemble_dif",2431
1,1,"/media../.git/config",1
1,1,"/api/0/teams/{organization_slug}/{team_slug}/stats/",4
1,1,"/organizations/:orgId/alerts/rules/:projectId/:ruleId/details/",17
1,1,"/accept-transfer/",9
1,1,"/organizations/{organization_slug}/issues/{group_id}/events/{event_id_or_latest}/",2
1,1,"/auth/register/",32
1,1,"/settings/projects/:projectId/environments/hidden/",12
1,1,"/dashboard/",11
1,1,"/api/0/wizard/{wizard_hash}/",6
1,1,"/extensions/jira-server/setup/rest/applinks/latest/manifest",1
1,1,"/organizations/:orgId/discover/results/",14
1,1,"integration.http_response.jira",25045
1,1,"/api/0/monitors/{monitor_id}/checkins/",817
1,1,"/api/0/organizations/{organization_slug}/events/",23329
1,1,"/api/0/issues|groups/{issue_id}/events/oldest/",1
1,1,"/issues/:groupId/replays/",142
1,1,"/api/0/auth-details/",51
1,1,"/api/0/sentry-app-installations/{uuid}/authorizations/",23
1,1,"/api/0/projects/{organization_slug}/{project_slug}/transaction-threshold/configure/",2
1,1,"/alerts/rules/",393
1,1,"/organizations/:orgId/dashboards/",1
1,1,"sentry.tasks.send_process_resource_change_webhook",565
1,1,"/settings/billing/receipts/",36
1,1,"/saml/acs/{organization_slug}/",20
1,1,"/api/0/sentry-app-installations/{uuid}/external-requests/",3
1,1,"/api/0/projects/{organization_slug}/{project_slug}/events/{event_id}/committers/",158
1,1,"/api/0/organizations/{organization_slug}/events/{project_slug}:{event_id}/",6
1,1,"/remote/heroku/sso-login/",1
1,1,"/api/0/internal/health/",118
1,1,"/settings/projects/:projectId/source-maps/:name/",65
1,1,"/performance/vitaldetail/",26
1,1,"/api/0/organizations/{organization_slug}/projects/",115
1,1,"/disabled-member/",21
1,1,"/{organization_slug}/{project_id}/",3
1,1,"/api/0/issues|groups/{issue_id}/attachments/",15
1,1,"/settings/developer-settings/:appSlug/dashboard/",4
1,1,"/settings/",15
1,1,"/profiling/",725
1,1,"/api/0/organizations/{organization_slug}/key-transactions-list/",1
1,1,"/*",300
1,1,"/api/0/organizations/{organization_slug}/alert-rules/",5
1,1,"getsentry.tasks.plan_change_feature_handler",29
1,1,"/settings/account/api/auth-tokens/",91
1,1,"sentry.tasks.check_auth",2
1,1,"sentry.tasks.update_code_owners_schema",31
1,1,"/settings/account/notifications/:fineTuneType/",100
1,1,"/dashboards/new/widget/new/",5
1,1,"/api/0/organizations/",43
1,1,"sentry.tasks.reprocess_events",94
1,1,"ProjectRulePreviewEndpoint",510
1,1,"externalIssueForm.load",65
1,1,"/settings/account/authorizations/",5
1,1,"/auth/2fa/",227
1,1,"/api/0/wizard/",1
1,1,"/extensions/jira-server/setup/rest/applinks/latest/capabilities/STATUS_API",2
1,1,"/organizations/:orgId/performance/",71
1,1,"PipelineAdvancerView",1978
1,1,"/api/0/projects/{organization_slug}/{project_slug}/releases/completion/",110
1,1,"sentry.tasks.options.sync_options",10
1,1,"/settings/:orgId/projects/:projectId/keys/",2
1,1,"/settings/:orgId/",17
1,1,"/api/0/organizations/{organization_slug}/stats_v2/",11666
1,1,"/api/0/projects/{organization_slug}/{project_slug}/events/{event_id}/source-map-debug/",21
1,1,"/releases/:release/commits/",57
1,1,"/organizations/:orgId/issues/:groupId/",690
1,1,"/settings/billing/checkout/",249
1,1,"/extensions/bitbucket/organizations/{organization_id}/webhook/",57
1,1,"/performance/trends/",60
1,1,"/settings/projects/:projectId/teams/",55
1,1,"/api/*/envelope",9
1,1,"/api/0/organizations/{organization_slug}/sentry-app-installations/",104
1,1,"/rest/applinks/latest/capabilities/STATUS_API",2
1,1,"/api/0/organizations/{organization_slug}/tags/",11
1,1,"/identity/login/{provider}/",7
1,1,"proguard.deobfuscate_view_hierarchy",266
1,1,"/_health",45
1,1,"/api/0/projects/{organization_slug}/{project_slug}/stats/",19182
1,1,"/performance/:eventSlug/",965
1,1,"/account/",2
1,1,"sentry.tasks.digests.deliver_digest",592
1,1,"/apple-touch-icon.png",1
1,1,"sentry.monitors.tasks.check_monitors",65
1,1,"/issues/:groupId/events/:eventId/similar/",10
1,1,"/organizations/:orgId/alerts/rules/:projectId/:ruleId/",27
1,1,"sentry.tasks.digests.schedule_digests",4
1,1,"plugin.http_response.twilio",6
1,1,"/get-cli/",57
1,1,"sentry.tasks.store.save_event_transaction",55849
1,1,"/api/0/projects/{organization_slug}/{project_slug}/releases/{version}/",12043
1,1,"/getting-started/{project_slug}/",1
1,1,"/api/0/organizations/{organization_slug}/plugins/configs/",2
1,1,"/api/0/organizations/{organization_slug}/releases/{version}/previous-with-commits/",9
1,1,"sentry.tasks.integrations.sync_assignee_outbound",2
1,1,"sentry.tasks.enqueue_scheduled_jobs",2
1,1,"/performance/trace/:traceSlug/",48
1,1,"integration.bitbucket",4
1,1,"/settings/plugins/:integrationSlug/",3
1,1,"/alerts/rules/details/:ruleId/",851
1,1,"plugin.http_response.pushover",15
1,1,"/api/0/signup/",14
1,1,"/settings/{organization_slug}/teams/",1
1,1,"getsentry.tasks.quotas.react_to_spike_protection",56
1,1,"/organizations/{organization_slug}/",5
1,1,"/api/0/projects/{organization_slug}/{project_slug}/teams/",6
1,1,"/settings.py",1
1,1,"",2897
1,1,"/dashboards/",339
1,1,"getsentry.tasks.stats.sync_organization",186
1,1,"sentry.tasks.sentry_apps.workflow_notification",44
1,1,"/settings/account/security/",56
1,1,"/organizations/:orgId/discover/homepage/",1
1,1,"/api/0/monitors/{monitor_id}/checkins/{checkin_id}/",736
1,1,"sentry.tasks.process_buffer.buffer_incr_task",49838
1,1,"/issues/:groupId/events/:eventId/tags/:tagKey/",14
1,1,"/api/0/organizations/{organization_slug}/monitors/{monitor_id}/checkins/{checkin_id}/attachment/",24
1,1,"/api/0/projects/{organization_slug}/{project_slug}/rules/{rule_id}/group-history/",4
1,1,"/accept/{member_id}/{token}/",1
1,1,"/user-feedback/",39
1,1,"/extensions/gitlab/webhook/",240
1,1,"/dashboards/new/:templateId",41
1,1,"/api/0/projects/{organization_slug}/{project_slug}/keys/",1344
1,1,"sentry.tasks.email.send_email",1978
1,1,"/settings/developer-settings/",45
1,1,"/settings/account/security/mfa/:authId/enroll/",8
1,1,"/api/0/projects/{organization_slug}/{project_slug}/rules/{rule_id}/",66
1,1,"integration.github",4
1,1,"sentry.tasks.code_owners_auto_sync",3
1,1,"/extensions/jira/issue-updated/",5281
1,1,"/_admin/customers/:orgId/",1
1,1,"/extensions/vsts/issue-updated/",243
1,1,"/:orgId/:projectId/",211
1,1,"/organizations/:orgId/projects/:projectId/",257
1,1,"/onboarding/:orgId/:step/",33
1,1,"sentry.integrations.slack.search_channel_id",1
1,1,"/_admin/promocodes/",2
1,1,"/account/recover/",1
1,1,"/api/0/projects/{organization_slug}/{project_slug}/events/{event_id}/grouping-info/",98
1,1,"/getting-started/:projectId/",3
1,1,"/crossdomain.xml",747
1,1,"/organizations/{organization_slug}/issues/{group_id}/",5
1,1,"/api/0/projects/{organization_slug}/{project_slug}/stacktrace-link/",55
1,1,"/settings/account/api/",14
1,1,"/api/0/customers/{organization_slug}/members/",1
1,1,"/issues/",379
1,1,"/settings/:orgId/billing/checkout/",10
1,1,"/api/0/relays/register/response/",62
1,1,"/api/0/issues|groups/{issue_id}/first-last-release/",116
1,1,"/settings/billing/overview/",247
1,1,"/auth/login/tice",1
1,1,"plugin.http_response.heroku",1
1,1,"/settings/:orgId/projects/:projectId/release-tracking/",2
1,1,"/api/0/projects/",120
1,1,"/settings/billing/details/",48
1,1,"/settings/account/notifications/",121
1,1,"/settings/projects/:projectId/filters/:filterType/",69
1,1,"/settings/projects/",251
1,1,"/organizations/:orgId/stats/",23
1,1,"/api/0/organizations/{organization_slug}/sent-first-event/",14
1,1,"integration.http_response.github",42049
1,1,"/api/0/organizations/{organization_slug}/monitors/{monitor_id}/checkins/{checkin_id}/",261
1,1,"/plugins/servlet/streams",3
1,1,"/organizations/:orgId/performance/summary/",22
1,1,"/extensions/:integrationSlug/link/",4
1,1,"/organizations/:orgId/releases/:release/",83
1,1,"/api/0/issues|groups/{issue_id}/current-release/",185
1,1,"/api/0/relays/register/challenge/",49
1,1,"/api/0/projects/{organization_slug}/{project_slug}/events/{event_id}/ai-fix-suggest/",24
1,1,"/api/0/projects/{organization_slug}/{project_slug}/user-feedback|user-reports/",5
1,1,"/api/0/customers/{organization_slug}/usage/",24
1,1,"/api/0/issues|groups/{issue_id}/plugins/jira/create/",2
1,1,"sentry.tasks.integrations.sync_status_inbound",1043
1,1,"/settings/projects/:projectId/source-maps/",205
1,1,"integration.http_response.vsts",18
1,1,"/settings/projects/:projectId/proguard/",4
1,1,"/dashboard/:dashboardId/",9143
1,1,"/organizations/reddit-inc",1
1,1,"/{organization_slug}/{project_id}/issues/{group_id}/",2
1,1,"/api/0/sentry-apps/{sentry_app_slug}/requests/",92
1,1,"/settings/:orgId/billing/details/",22
1,1,"/settings/integrations/:integrationSlug",178
1,1,"/issues/(searches/:searchId/)",86679
1,1,"/api/0/projects/{organization_slug}/{project_slug}/releases/",35801
1,1,"/api/0/users/{user_id}/emails/",1
1,1,"/api/0/organizations/{organization_slug}/incidents/",1
1,1,"/api/0/organizations/{organization_slug}/codecov-jwt/",25
1,1,"/api/0/organizations/{organization_slug}/events-trace-light/{trace_id}/",24
1,1,"/api/0/organizations/{organization_slug}/releases/{version}/files/",1122
1,1,"/settings/teams/:teamId/notifications/",55
1,1,"issues.occurrence_consumer",659
1,1,"/extensions/slack/event/",151
1,1,"/api/0/organizations/{organization_slug}/invite-requests/",14
1,1,"/settings/teams/:teamId/projects/",35
1,1,"/organizations/:orgId/issues/:groupId/activity/",16
1,1,"/api/0/issues|groups/{issue_id}/notes|comments/",1
1,1,"/avatar/{avatar_id}/",49
1,1,"/auth/sso/",666
1,1,"/issues/:groupId/activity/",503
1,11276,"/settings/developer-settings/",120
1,11276,"/settings/account/api/applications/",17
1,11276,"/dashboard/:dashboardId/",16314
1,11276,"/settings/projects/:projectId/security-and-privacy/",153
1,11276,"flamegraph.constructor",10
1,11276,"/_admin/promocodes/",2
1,11276,"/settings/:orgId/auth/",10
1,11276,"/settings/projects/:projectId/plugins/",15
1,11276,"/issues/:groupId/events/:eventId/attachments/",53
1,11276,"/settings/teams/:teamId/projects/",74
1,11276,"/getting-started/:projectId/",3
1,11276,"/projects/:projectId/getting-started/:platform/",10
1,11276,"/settings/:orgId/projects/:projectId/alerts/",4
1,11276,"/settings/projects/:projectId/tags/",59
1,11276,"/issues/:groupId/merged/",436
1,11276,"/settings/repos/",69
1,11276,"externalIssueForm.submit",128
1,11276,"/performance/summary/",10031
1,11276,"/projects/",10766
1,11276,"/settings/account/security/",127
1,11276,"/organizations/:orgId/issues/(searches/:searchId/)",6394
1,11276,"/settings/projects/:projectId/environments/",73
1,11276,"/settings/:orgId/projects/:projectId/ownership/",2
1,11276,"/issues/:groupId/events/:eventId/events/",1851
1,11276,"/organizations/:orgId/stats/",35
1,11276,"/issues/:groupId/events/",13010
1,11276,"/settings/:orgId/billing/checkout/",33
1,11276,"/settings/:orgId/projects/:projectId/",19
1,11276,"",8710
1,11276,"/organizations/:orgId/alerts/rules/",15
1,11276,"/settings/billing/overview/",504
1,11276,"/replays/",1612
1,11276,"/settings/audit-log/",50
1,11276,"/dashboards/",961
1,11276,"/organizations/:orgId/crons/",6
1,11276,"/issues/:groupId/events/:eventId/tags/",109
1,11276,"/settings/projects/:projectId/plugins/:pluginId/",84
1,11276,"/dashboard/:dashboardId/widget/:widgetIndex/edit/",56
1,11276,"/settings/integrations/:integrationSlug",262
1,11276,"/settings/:orgId/legal/",1
1,11276,"/settings/projects/:projectId/source-maps/debug-id-bundles/",15
1,11276,"/organizations/new/",56
1,11276,"/issues/(searches/:searchId/)",224245
1,11276,"/profiling/profile/:projectId/:eventId/flamechart/",27
1,11276,"/settings/developer-settings/new-internal/",18
1,11276,"ui.SpanTreeHandleDrag",3
1,11276,"/settings/:orgId/subscription/redeem-code/",1
1,11276,"/settings/:orgId/billing/details/",1
1,11276,"/settings/:orgId/integrations/:integrationSlug",1
1,11276,"/settings/:orgId/projects/:projectId/environments/",4
1,11276,"/organizations/:orgId/profiling/",28
1,11276,"/_admin/customers/",3
1,11276,"/settings/document-integrations/:integrationSlug",4
1,11276,"/settings/projects/:projectId/ownership/",115
1,11276,"/alerts/rules/:projectId/:ruleId/details/",1589
1,11276,"/user-feedback/",132
1,11276,"/settings/projects/:projectId/proguard/",20
1,11276,"/extensions/:integrationSlug/link/",37
1,11276,"/issues/:groupId/tags/:tagKey/",956
1,11276,"/performance/trends/",204
1,11276,"/onboarding/:step/",246
1,11276,"/settings/:orgId/",73
1,11276,"/settings/account/notifications/",251
1,11276,"/settings/billing/details/",45
1,11276,"externalIssueForm.load",206
1,11276,"/discover/queries/",87
1,11276,"/issues/:groupId/events/:eventId/merged/",41
1,11276,"/projects/new/",212
1,11276,"/settings/spike-protection/",6
1,11276,"/settings/projects/:projectId/debug-symbols/",58
1,11276,"/settings/auth/",189
1,11276,"/replays/:replaySlug/",1119
1,11276,"/settings/teams/:teamId/notifications/",127
1,11276,"/settings/billing/checkout/",403
1,11276,"/releases/:release/commits/",65
1,11276,"/issues/:groupId/tags/",589
1,11276,"/settings/projects/:projectId/teams/",149
1,11276,"/organizations/:orgId/issues/:groupId/",1661
1,11276,"/settings/projects/",721
1,11276,"/settings/projects/:projectId/source-maps/:name/",164
1,11276,"/settings/projects/:projectId/install/",72
1,11276,"/performance/:eventSlug/",2308
1,11276,"/_admin/",4
1,11276,"/",12
1,11276,"/organizations/:orgId/issues/:groupId/events/:eventId/events/",9
1,11276,"/performance/summary/spans/:spanSlug/",217
1,11276,"/organizations/:orgId/releases/",63
1,11276,"/settings/:orgId/teams/:teamId/members/",3
1,11276,"/settings/projects/:projectId/issue-grouping/",73
1,11276,"/settings/account/api/applications/:appId/",6
1,11276,"/settings/projects/:projectId/environments/hidden/",8
1,11276,"/settings/account/authorizations/",11
1,11276,"/organizations/:orgId/alerts/rules/:projectId/:ruleId/details/",60
1,11276,"/organizations/:orgId/issues/:groupId/events/",43
1,11276,"/organizations/:orgId/performance/",213
1,11276,"/join-request/",4
1,11276,"/alerts/rules/:projectId/:ruleId/",900
1,11276,"profiles.import",11
1,11276,"/settings/projects/:projectId/processing-issues/",39
1,11276,"ui.SpanTreeWindowDrag",12
1,11276,"/settings/account/security/mfa/:authId/",35
1,11276,"/settings/sentry-apps/:integrationSlug",37
1,11276,"/:orgId/:projectId/getting-started/:platform/",4
1,11276,"/settings/members/",1624
1,11276,"/onboarding/:orgId/:step/",60
1,11276,"/settings/:orgId/teams/:teamId/settings/",1
1,11276,"/settings/projects/:projectId/source-maps/release-bundles/",9
1,11276,"/_admin/customers/:orgId/",38
1,11276,"/settings/:orgId/projects/:projectId/install/",7
1,11276,"/dashboard/:dashboardId/widget/new/",18
1,11276,"/projects/:projectId/getting-started/",17
1,11276,"/profiling/summary/:projectId/",61
1,11276,"/alerts/rules/details/:ruleId/",1493
1,11276,"/performance/trace/:traceSlug/",216
1,11276,"/organizations/:orgId/dashboard/:dashboardId/",122
1,11276,"/settings/projects/:projectId/keys/",253
1,11276,"/settings/projects/:projectId/user-feedback/",17
1,11276,"/settings/plugins/:integrationSlug/",24
1,11276,"/accept/:memberId/:token/",272
1,11276,"/issues/:groupId/",348369
1,11276,"/dashboards/new/:templateId",113
1,11276,"/organizations/:orgId/replays/",13
1,11276,"/performance/",13729
1,11276,"/issues/:groupId/feedback/",492
1,11276,"saveAlertRule",107
1,11276,"/performance/summary/spans/",369
1,11276,"/settings/projects/:projectId/security-headers/csp/",3
1,11276,"/discover/results/",6542
1,11276,"/_admin/customers/:orgId/projects/:projectId/",14
1,11276,"/settings/organization/",1731
1,11276,"/settings/billing/receipts/",67
1,11276,"/issues/:groupId/events/:eventId/activity/",100
1,11276,"/settings/teams/",566
1,11276,"/settings/account/details/",129
1,11276,"/performance/summary/events/",1435
1,11276,"/organizations/:orgId/replays/:replaySlug/",2
1,11276,"/settings/:orgId/audit-log/",6
1,11276,"/dashboards/new/",12
1,11276,"/organizations/:orgId/dashboards/",43
1,11276,"/performance/summary/tags/",173
1,11276,"/settings/account/notifications/:fineTuneType/",71
1,11276,"/settings/projects/:projectId/security-headers/",24
1,11276,"/organizations/:orgId/projects/",691
1,11276,"/settings/:orgId/projects/:projectId/keys/",5
1,11276,"/releases/:release/files-changed/",10
1,11276,"/issues/:groupId/events/:eventId/",49977
1,11276,"/performance/vitaldetail/",169
1,11276,"/organizations/:orgId/discover/results/",15
1,11276,"/issues/:groupId/events/:eventId/grouping/",4
1,11276,"ui.SpanTreeToggle",15
1,11276,"/issues/:groupId/replays/",426
1,11276,"/settings/:orgId/integrations/",40
1,11276,"/settings/projects/:projectId/keys/:keyId/",28
1,11276,"/organizations/:orgId/alerts/",10
1,11276,"/settings/projects/:projectId/install/:platform/",21
1,11276,"/settings/account/api/auth-tokens/",223
1,11276,"/settings/integrations/",705
1,11276,"/share/issue/:shareId/",232
1,11276,"/settings/:orgId/security-and-privacy/",3
1,11276,"/stats/issues/",80
1,11276,"/releases/:release/",8887
1,11276,"/stats/",3427
1,11276,"/disabled-member/",39
1,11276,"/issues/:groupId/events/:eventId/similar/",66
1,11276,"/crons/:monitorSlug/edit/",33
1,11276,"/projects/:projectId/",47236
1,11276,"/organizations/:orgId/discover/homepage/",14
1,11276,"/settings/legal/",22
1,11276,"/stats/health/",54
1,11276,"/settings/billing/usage/",53
1,11276,"/settings/billing/cancel/",12
1,11276,"/alerts/wizard/",92
1,11276,"/organizations/:orgId/user-feedback/",12
1,11276,"/settings/projects/:projectId/performance/",41
1,11276,"/crons/",433
1,11276,"/settings/relay/",33
1,11276,"/settings/projects/:projectId/release-tracking/",64
1,11276,"/settings/projects/:projectId/data-forwarding/",62
1,11276,"/settings/teams/:teamId/settings/",23
1,11276,"/settings/security-and-privacy/",74
1,11276,"/releases/",4332
1,11276,"/settings/developer-settings/new-public/",1
1,11276,"/settings/billing/receipts/:invoiceGuid/",20
1,11276,"/performance/summary/profiles/",14
1,11276,"/settings/account/security/mfa/:authId/enroll/",17
1,11276,"/settings/projects/:projectId/filters/:filterType/",194
1,11276,"/settings/:orgId/teams/:teamId/notifications/",3
1,11276,"/settings/members/:memberId/",91
1,11276,"/settings/integrations/:providerKey/:integrationId/",162
1,11276,"/settings/billing/usage-log/",41
1,11276,"/settings/account/emails/",553
1,11276,"/_admin/promocodes/:codeId/",1
1,11276,"/settings/projects/:projectId/source-maps/",438
1,11276,"/settings/:orgId/members/",70
1,11276,"/alerts/:projectId/wizard/",18
1,11276,"/:orgId/:projectId/dashboard/",3
1,11276,"/issues/:groupId/grouping/",32
1,11276,"/dashboard/:dashboardId/widget/:widgetId/",155
1,11276,"/settings/projects/:projectId/",1543
1,11276,"/organizations/:orgId/performance/summary/",17
1,11276,"/alerts/metric-rules/:projectId/:ruleId/",148
1,11276,"/organizations/:orgId/projects/:projectId/",377
1,11276,"/settings/:orgId/projects/",56
1,11276,"/discover/:eventSlug/",3592
1,11276,"/performance/summary/vitals/",195
1,11276,"/settings/projects/:projectId/alerts/",410
1,11276,"/organizations/:orgId/disabled-member/",37
1,11276,"/alerts/new/:alertType/",351
1,11276,"/issues/:groupId/attachments/",362
1,11276,"/performance/summary/replays/",13
1,11276,"/crons/create/",51
1,11276,"/crons/:monitorSlug/",905
1,11276,"/accept-transfer/",2
1,11276,"/settings/:orgId/developer-settings/",9
1,11276,"/_admin/users/",2
1,11276,"/issues/:groupId/events/:eventId/replays/",52
1,11276,"/issues/:groupId/activity/",2638
1,11276,"/issues/:groupId/events/:eventId/tags/:tagKey/",36
1,11276,"/settings/:orgId/projects/:projectId/environments/hidden/",1
1,11276,"/issues/:groupId/events/:eventId/feedback/",38
1,11276,"/getting-started/:projectId/:platform/",256
1,11276,"/organizations/:orgId/projects/new/",8
1,11276,"/organizations/:orgId/alerts/rules/details/:ruleId/",25
1,11276,"/organizations/:orgId/issues/:groupId/events/:eventId/",592
1,11276,"/settings/account/subscriptions/",30
1,11276,"/settings/:orgId/projects/:projectId/release-tracking/",5
1,11276,"/alerts/:alertId/",350
1,11276,"/settings/",60
1,11276,"/discover/homepage/",4396
1,11276,"/organizations/:orgId/releases/:release/",91
1,11276,"/settings/:orgId/relay/",4
1,11276,"/alerts/rules/",1178
1,11276,"/:orgId/:projectId/",1237
1,11276,"/settings/account/identities/",12
1,11276,"/profiling/",1191
1,11276,"/settings/subscription/redeem-code/",9
1,11276,"/settings/developer-settings/:appSlug/",42
1,11276,"/data-export/:dataExportId",12
1,11276,"/settings/:orgId/teams/",38
1,11276,"/join-request/:orgId/",45
1,11276,"/issues/:groupId/similar/",622
1,11276,"/settings/account/api/auth-tokens/new-token/",14
1,11276,"/organizations/:orgId/discover/:eventSlug/",2
1,11276,"/alerts/",12
1,11276,"/settings/:orgId/teams/:teamId/projects/",6
1,11276,"/settings/teams/:teamId/members/",74
1,11276,"/settings/account/close-account/",7
1,11276,"/organizations/:orgId/issues/:groupId/activity/",2
1,11276,"/settings/:orgId/repos/",4
1,300688,"/alerts/new/:alertType/",31
1,300688,"/:orgId/:projectId/",115
1,300688,"/performance/trace/:traceSlug/",90
1,300688,"snql_dataset_query_view__discover__api.trace-view.errors-view",2
1,300688,"snql_dataset_query_view__discover__api.releases.release-details-chart",2
1,300688,"/profiling/",278
1,300688,"snql_dataset_query_view__generic_metrics__api.organization-events.metrics-enhanced.primary",226
1,300688,"/issues/:groupId/events/:eventId/replays/",20
1,300688,"snql_dataset_query_view__events__tsdb-modelid:1",2204
1,300688,"/alerts/rules/",3
1,300688,"snql_dataset_query_view__outcomes__tsdb-modelid:608",1
1,300688,"snql_dataset_query_view__events__tsdb-modelid:4.alert_event_frequency",856
1,300688,"snql_dataset_query_view__events__Group.get_latest",2169
1,300688,"/settings/:orgId/teams/",1
1,300688,"snql_dataset_query_view__metrics__api.metrics.series.second_query",36
1,300688,"snql_dataset_query_view__discover__api.organization-events-facets.top-tags",3
1,300688,"snql_dataset_query_view__transactions__serializers.GroupSerializerSnuba._execute_perf_seen_stats_query",67
1,300688,"/organizations/:orgId/issues/:groupId/tags/:tagKey/",2
1,300688,"/organizations/:orgId/releases/:release/",110
1,300688,"/organizations/:orgId/issues/(searches/:searchId/)",2464
1,300688,"snql_dataset_query_view__outcomes__outcomes.totals",9835
1,300688,"snql_dataset_query_view__events__api.trace-view.get-events",40
1,300688,"/profiling/profile/:projectId/:eventId/flamechart/",11
1,300688,"/settings/projects/:projectId/teams/",1
1,300688,"/crons/:monitorSlug/",167
1,300688,"snql_dataset_query_view__transactions__tagstore.get_perf_groups_user_counts",22
1,300688,"snql_dataset_query_view__events__tagstore.get_groups_user_counts",1116
1,300688,"snql_dataset_query_view__transactions__preview.get_frequency_buckets",2
1,300688,"snql_dataset_query_view__discover__api.organization-event-stats",76
1,300688,"/discover/homepage/",1251
1,300688,"snql_dataset_query_view__events__api.group-events.error",1118
1,300688,"/organizations/:orgId/performance/",43
1,300688,"/onboarding/:orgId/:step/",6
1,300688,"/issues/:groupId/events/:eventId/feedback/",18
1,300688,"/organizations/:orgId/issues/:groupId/activity/",12
1,300688,"/profiling/summary/:projectId/",27
1,300688,"/crons/",1
1,300688,"/dashboard/:dashboardId/widget/new/",3
1,300688,"/dashboard/:dashboardId/widget/:widgetIndex/edit/",42
1,300688,"snql_dataset_query_view__discover__api.dashboards.widget.line-chart",5
1,300688,"/discover/:eventSlug/",1901
1,300688,"snql_dataset_query_view__discover__search",1121
1,300688,"/organizations/:orgId/discover/:eventSlug/",1
1,300688,"snql_dataset_query_view__metrics__api.metrics.series",632
1,300688,"/issues/:groupId/events/:eventId/tags/:tagKey/",47
1,300688,"/dashboards/new/widget/new/",1
1,300688,"snql_dataset_query_view__profiles__api.organization-events",86
1,300688,"/settings/:orgId/projects/:projectId/keys/:keyId/",1
1,300688,"snql_dataset_query_view__events__serializers.GroupSerializerSnuba._execute_error_seen_stats_query",1366
1,300688,"/settings/projects/:projectId/performance/",10
1,300688,"snql_dataset_query_view__transactions__api.trace-view.get-events",39
1,300688,"/dashboard/:dashboardId/widget/:widgetId/",53
1,300688,"/settings/billing/checkout/",5
1,300688,"/alerts/rules/:projectId/:ruleId/",140
1,300688,"/releases/:release/commits/",1
1,300688,"/performance/summary/spans/:spanSlug/",77
1,300688,"/alerts/:alertId/",47
1,300688,"snql_dataset_query_view__search_issues__eventstore.get_event_by_id_nodestore",1
1,300688,"/performance/:eventSlug/",743
1,300688,"snql_dataset_query_view__replays__replays.query.query_replays_dataset_tagkey_values",1
1,300688,"/organizations/:orgId/releases/",33
1,300688,"snql_dataset_query_view__discover__api.organization-event-stats.find-topn",2
1,300688,"/settings/projects/:projectId/security-and-privacy/",13
1,300688,"snql_dataset_query_view__outcomes_raw__outcomes.timeseries",38
1,300688,"/organizations/:orgId/projects/:projectId/",433
1,300688,"/organizations/:orgId/issues/:groupId/",646
1,300688,"snql_dataset_query_view__discover__api.performance.transaction-summary",608
1,300688,"/settings/projects/:projectId/keys/:keyId/",7
1,300688,"snql_dataset_query_view__events__tsdb-modelid:4.frequency_snoozes",16
1,300688,"/settings/projects/:projectId/source-maps/:name/",32
1,300688,"snql_dataset_query_view__events__tsdb-modelid:300.user_count_snoozes",19
1,300688,"/settings/projects/:projectId/processing-issues/",19
1,300688,"/settings/billing/details/",1
1,300688,"snql_dataset_query_view__transactions__tagstore.__get_tag_keys",2
1,300688,"snql_dataset_query_view__discover__api.discover.transactions-list",507
1,300688,"/alerts/metric-rules/:projectId/:ruleId/",33
1,300688,"/issues/:groupId/events/",6039
1,300688,"snql_dataset_query_view__outcomes__outcomes.timeseries",9860
1,300688,"snql_dataset_query_view__generic_metrics__api.organization-events-metrics-compatibility.compatible.metrics-enhanced.primary",1
1,300688,"/projects/:projectId/",28341
1,300688,"/issues/:groupId/events/:eventId/similar/",28
1,300688,"snql_dataset_query_view__discover__search.group_index",1792
1,300688,"snql_dataset_query_view__events__tagstore.get_tag_value_paginator_for_projects",12
1,300688,"snql_dataset_query_view__events__alertruleserializer.test_query",1
1,300688,"snql_dataset_query_view__profiles__api.profiling.profile-summary-table",3
1,300688,"snql_dataset_query_view__search_issues__search_sample",815
1,300688,"snql_dataset_query_view__events__tagstore.__get_tag_key_and_top_values",182
1,300688,"snql_dataset_query_view__discover__tagstore.__get_tag_keys",7
1,300688,"snql_dataset_query_view__search_issues__preview.get_top_groups",17
1,300688,"snql_dataset_query_view__generic_metrics__api.organization-events-metrics-compatibility.sum_metrics.metrics-enhanced.primary",1
1,300688,"/stats/health/",13
1,300688,"/settings/projects/:projectId/source-maps/",23
1,300688,"/issues/(searches/:searchId/)",85832
1,300688,"/releases/",3197
1,300688,"snql_dataset_query_view__discover__api.replay.details-page",4
1,300688,"snql_dataset_query_view__discover__api.trends.get-percentage-change",1
1,300688,"/stats/issues/",4
1,300688,"snql_dataset_query_view__events__tsdb-modelid:300.alert_event_uniq_user_frequency",195
1,300688,"/organizations/:orgId/performance/summary/",16
1,300688,"/issues/:groupId/merged/",294
1,300688,"/organizations/:orgId/stats/",20
1,300688,"snql_dataset_query_view__events__eventstore.get_event_by_id_nodestore",1898
1,300688,"/share/issue/:shareId/",63
1,300688,"/issues/:groupId/tags/:tagKey/",779
1,300688,"snql_dataset_query_view__events__tsdb-modelid:4",2450
1,300688,"/settings/account/notifications/",1
1,300688,"snql_dataset_query_view__discover__api.performance.generic-widget-chart.worst-fcp-vitals",2
1,300688,"/organizations/:orgId/discover/homepage/",6
1,300688,"/settings/account/notifications/:fineTuneType/",3
1,300688,"/releases/:release/",6153
1,300688,"snql_dataset_query_view__events__tagstore.get_group_list_tag_value",174
1,300688,"/issues/:groupId/events/:eventId/activity/",35
1,300688,"snql_dataset_query_view__generic_metrics__api.dashboards.tablewidget.metrics-enhanced.primary",11
1,300688,"/performance/",6092
1,300688,"/settings/projects/:projectId/tags/",13
1,300688,"snql_dataset_query_view__transactions__eventstore.get_next_or_prev_event_id",5
1,300688,"snql_dataset_query_view__discover__api.dashboards.widget.bar-chart",1
1,300688,"/settings/:orgId/projects/:projectId/",9
1,300688,"snql_dataset_query_view__metrics__api.metrics.totals.second_query",37
1,300688,"/organizations/:orgId/alerts/rules/",1
1,300688,"snql_dataset_query_view__transactions__subscription_processor.comparison_query",713
1,300688,"/settings/billing/overview/",4
1,300688,"/settings/teams/",39
1,300688,"/dashboards/new/",7
1,300688,"/settings/projects/:projectId/plugins/:pluginId/",4
1,300688,"snql_dataset_query_view__generic_metrics__api.performance.landing-table.metrics-enhanced.primary",67
1,300688,"/issues/:groupId/events/:eventId/tags/",62
1,300688,"snql_dataset_query_view__discover__api.dashboards.tablewidget",164
1,300688,"/issues/:groupId/",162262
1,300688,"snql_dataset_query_view__discover__api.performance.generic-widget-chart.slow-http-ops",1
1,300688,"/dashboard/:dashboardId/",6155
1,300688,"snql_dataset_query_view__transactions__tagstore.get_perf_group_list_tag_value",9
1,300688,"snql_dataset_query_view__transactions__tsdb-modelid:10.alert_event_frequency",2
1,300688,"snql_dataset_query_view__transactions__tagstore._get_tag_keys_and_top_values",2
1,300688,"/organizations/:orgId/dashboard/:dashboardId/",32
1,300688,"snql_dataset_query_view__events__subscription_processor.comparison_query",209
1,300688,"snql_dataset_query_view__discover__eventstore.get_next_or_prev_event_id",493
1,300688,"/discover/results/",2678
1,300688,"snql_dataset_query_view__metrics__api.metrics.totals.initial_query",22
1,300688,"/alerts/rules/details/:ruleId/",514
1,300688,"snql_dataset_query_view__discover__api.organization-events",1045
1,300688,"Snuba CLI Initialization",542
1,300688,"/settings/organization/",4
1,300688,"/organizations/:orgId/profiling/",5
1,300688,"snql_dataset_query_view__search_issues__search.group_index",915
1,300688,"/organizations/:orgId/replays/:replaySlug/",5
1,300688,"snql_dataset_query_view__metrics__api.metrics.totals",5170
1,300688,"create_subscription",1
1,300688,"snql_dataset_query_view__outcomes_raw__outcomes.totals",43
1,300688,"snql_dataset_query_view__outcomes__tsdb-modelid:610",1
1,300688,"/settings/integrations/:integrationSlug",1
1,300688,"/issues/:groupId/similar/",321
1,300688,"/stats/",1768
1,300688,"/settings/members/",3
1,300688,"snql_dataset_query_view__outcomes_raw__tsdb-modelid:104",1450
1,300688,"snql_dataset_query_view__discover__api.performance.generic-widget-chart.most-slow-frames",1
1,300688,"snql_dataset_query_view__transactions__Group.get_latest",12
1,300688,"snql_dataset_query_view__outcomes_raw__tsdb-modelid:202",39
1,300688,"/performance/summary/spans/",143
1,300688,"/organizations/:orgId/alerts/rules/:projectId/:ruleId/",4
1,300688,"snql_dataset_query_view__discover__api.performance.landing-table",81
1,300688,"snql_dataset_query_view__outcomes__tsdb-modelid:201",18
1,300688,"snql_dataset_query_view__discover__getsentry.api.pendo-details",49
1,300688,"snql_dataset_query_view__events__api.project-events",378
1,300688,"/settings/account/subscriptions/",1
1,300688,"",1734
1,300688,"snql_dataset_query_view__events__group.unhandled-flag",1141
1,300688,"/settings/:orgId/projects/:projectId/alerts/",1
1,300688,"snql_dataset_query_view__generic_metrics__api.performance.generic-widget-chart.slow-http-ops.metrics-enhanced",2
1,300688,"snql_dataset_query_view__discover__api.organization-issue-replay-count",55
1,300688,"snql_dataset_query_view__events__tagstore.__get_tag_keys",677
1,300688,"snql_dataset_query_view__discover__api.performance.status-breakdown",1
1,300688,"snql_dataset_query_view__discover__api.issues.issue_events",27
1,300688,"/settings/projects/:projectId/user-feedback/",2
1,300688,"snql_dataset_query_view__outcomes__tsdb-modelid:104",196
1,300688,"snql_dataset_query_view__transactions__tsdb-modelid:302.alert_event_uniq_user_frequency",3
1,300688,"snql_dataset_query_view__outcomes_raw__tsdb-modelid:201",34
1,300688,"snql_dataset_query_view__discover__search_sample",1644
1,300688,"/performance/summary/replays/",4
1,300688,"/issues/:groupId/attachments/",181
1,300688,"/organizations/:orgId/dashboards/",8
1,300688,"/performance/summary/profiles/",2
1,300688,"snql_dataset_query_view__events__tsdb-modelid:300",193
1,300688,"/alerts/rules/:projectId/:ruleId/details/",133
1,300688,"/issues/:groupId/activity/",1923
1,300688,"snql_dataset_query_view__discover__api.organization-events-meta",73
1,300688,"snql_dataset_query_view__discover__api.serializer.projects.get_stats",27
1,300688,"snql_dataset_query_view__generic_metrics__api.performance.generic-widget-chart.worst-lcp-vitals.metrics-enhanced",4
1,300688,"snql_dataset_query_view__generic_metrics__api.performance.generic-widget-chart.apdex-area.metrics-enhanced",1
1,300688,"/settings/projects/:projectId/alerts/",80
1,300688,"snql_dataset_query_view__events__preview.get_events",19
1,300688,"/discover/queries/",65
1,300688,"/organizations/:orgId/issues/:groupId/events/",2
1,300688,"snql_dataset_query_view__events__incidents.get_incident_aggregates",2
1,300688,"snql_dataset_query_view__profiles__api.vroom",1153
1,300688,"/settings/projects/",66
1,300688,"/settings/subscription/redeem-code/",1
1,300688,"snql_dataset_query_view__outcomes__tsdb-modelid:200",77
1,300688,"snql_dataset_query_view__discover__api.dashboards.worldmapwidget",2
1,300688,"/:orgId/:projectId/dashboard/",12
1,300688,"/settings/:orgId/members/",1
1,300688,"snql_dataset_query_view__search_issues__search",560
1,300688,"snql_dataset_query_view__search_issues__tagstore.__get_tag_keys",1
1,300688,"snql_dataset_query_view__events__tagstore.get_group_tag_value_iter",146
1,300688,"/issues/:groupId/grouping/",15
1,300688,"snql_dataset_query_view__discover__api.dashboards.bignumberwidget",152
1,300688,"/getting-started/:projectId/:platform/",2
1,300688,"snql_dataset_query_view__discover__api.discover.query-table",31
1,300688,"snql_dataset_query_view__events__preview.get_top_groups",31
1,300688,"/performance/summary/vitals/",191
1,300688,"snql_dataset_query_view__outcomes__tsdb-modelid:202",16
1,300688,"/settings/projects/:projectId/issue-grouping/",3
1,300688,"/settings/projects/:projectId/",446
1,300688,"/settings/account/emails/",9
1,300688,"snql_dataset_query_view__discover__api.organization-events-histogram",1
1,300688,"snql_dataset_query_view__transactions__tsdb-modelid:10",34
1,300688,"/user-feedback/",11
1,300688,"/replays/:replaySlug/",441
1,300688,"/issues/:groupId/events/:eventId/merged/",90
1,300688,"/replays/",466
1,300688,"delete_subscription",1
1,300688,"externalIssueForm.load",31
1,300688,"snql_dataset_query_view__discover__api.auth-token.events",17509
1,300688,"/issues/:groupId/replays/",305
1,300688,"/issues/:groupId/tags/",538
1,300688,"/performance/summary/",4753
1,300688,"snql_dataset_query_view__events__tagstore.get_release_tags",45333
1,300688,"/issues/:groupId/events/:eventId/events/",733
1,300688,"/performance/trends/",84
1,300688,"snql_dataset_query_view__transactions__preview.get_top_groups",16
1,300688,"/settings/projects/:projectId/keys/",5
1,300688,"snql_dataset_query_view__discover__api.organization-events-histogram-min-max",1
1,300688,"snql_dataset_query_view__outcomes_raw__tsdb-modelid:200",199
1,300688,"/performance/vitaldetail/",29
1,300688,"snql_dataset_query_view__outcomes__spikeprotection.outcomes.timeseries",3181
1,300688,"snql_dataset_query_view__outcomes__tsdb-modelid:100",1024
1,300688,"/projects/new/",1
1,300688,"/organizations/:orgId/user-feedback/",2
1,300688,"snql_dataset_query_view__generic_metrics__api.performance.landing-table.metrics-enhanced.secondary",75
1,300688,"snql_dataset_query_view__events__tagstore._get_tag_keys_and_top_values",280
1,300688,"snql_dataset_query_view__events__tsdb-modelid:407",108
1,300688,"/issues/:groupId/feedback/",269
1,300688,"snql_dataset_query_view__outcomes__tsdb-modelid:101",239
1,300688,"/organizations/:orgId/discover/results/",9
1,300688,"/performance/summary/tags/",99
1,300688,"/organizations/:orgId/issues/:groupId/events/:eventId/",300
1,300688,"/organizations/:orgId/replays/",6
1,300688,"/organizations/:orgId/alerts/",1
1,300688,"/issues/:groupId/events/:eventId/attachments/",35
1,300688,"/projects/",7046
1,300688,"snql_dataset_query_view__discover__api.performance.generic-widget-chart.worst-lcp-vitals",2
1,300688,"snql_dataset_query_view__events__preview.get_frequency_buckets",192
1,300688,"/onboarding/:step/",14
1,300688,"snql_dataset_query_view__generic_metrics__api.performance.transaction-summary.metrics-enhanced.primary",251
1,300688,"/performance/summary/events/",261
1,300688,"/settings/account/details/",1
1,300688,"snql_dataset_query_view__search_issues__tagstore._get_tag_keys_and_top_values",1
1,300688,"/settings/projects/:projectId/ownership/",11
1,300688,"/settings/account/api/auth-tokens/",2
1,300688,"/dashboards/",353
1,300688,"snql_dataset_query_view__events__tsdb-modelid:4.alert_event_frequency_percent",38
1,300688,"/organizations/:orgId/alerts/rules/:projectId/:ruleId/details/",9
1,300688,"/issues/:groupId/events/:eventId/",25999
1,300688,"snql_dataset_query_view__outcomes_raw__tsdb-modelid:100",3207
1,300688,"snql_dataset_query_view__discover__tagstore.get_tag_value_paginator_for_projects",3
1,300688,"snql_dataset_query_view__profiles__api.profiling.landing-table",6
1,300688,"snql_dataset_query_view__outcomes_raw__tsdb-modelid:101",2147
1,300688,"/organizations/:orgId/projects/",404
1,300688,"/settings/projects/:projectId/filters/:filterType/",30
1,300688,"snql_dataset_query_view__replays__replays.query.query_replays_count",48
1,4504044639748096,"GET /login",28
1,4504044639748096,"GET /",41
1,4504044639748096,"HEAD /",13
1,4504044639748096,"GET /MOV/145689.html",1
1,4504044639748096,"GET /apis/apps/v1/namespaces/kube-system/daemonsets",1
1,4504044639748096,"HEAD /login",1
1,4504044639748096,"GET /QMVi",1
